<?xml version="1.0" encoding="UTF-8"?>
<facelet-taglib xmlns="http://java.sun.com/xml/ns/javaee"
		xmlns:xsi="http://www.w3.org/2001/XMLSchema-instance"
		xsi:schemaLocation="http://java.sun.com/xml/ns/javaee http://java.sun.com/xml/ns/javaee/web-facelettaglibrary_2_0.xsd"
		version="2.0">
    
	<namespace>http://primefaces.org/barcelona</namespace>
    
    <tag>
        <description><![CDATA[Menu is a navigation component for Barcelona Layout.]]></description>
		<tag-name>menu</tag-name>
		<component>
			<component-type>org.primefaces.component.BarcelonaMenu</component-type>
			<renderer-type>org.primefaces.component.BarcelonaMenuRenderer</renderer-type>
		</component>
		<attribute>
			<description><![CDATA[Unique identifier of the component in a namingContainer.]]></description>
			<name>id</name>
			<required>false</required>
			<type>java.lang.String</type>
		</attribute>
		<attribute>
			<description><![CDATA[Boolean value to specify the rendering of the component, when set to false component will not be rendered.]]></description>
			<name>rendered</name>
			<required>false</required>
			<type>java.lang.Boolean</type>
		</attribute>
		<attribute>
			<description><![CDATA[An el expression referring to a server side UIComponent instance in a backing bean.]]></description>
			<name>binding</name>
			<required>false</required>
			<type>javax.faces.component.UIComponent</type>
		</attribute>
		<attribute>
			<description><![CDATA[Name of the client side widget.]]></description>
			<name>widgetVar</name>
			<required>false</required>
			<type>java.lang.String</type>
		</attribute>
		<attribute>
			<description><![CDATA[A menu model instance to create menu programmatically.]]></description>
			<name>model</name>
			<required>false</required>
			<type>org.primefaces.model.menu.MenuModel</type>
		</attribute>
		<attribute>
			<description><![CDATA[Inline style of the main container element.]]></description>
			<name>style</name>
			<required>false</required>
			<type>java.lang.String</type>
		</attribute>
		<attribute>
			<description><![CDATA[Style class of the main container element.]]></description>
			<name>styleClass</name>
			<required>false</required>
			<type>java.lang.String</type>
		</attribute>
	</tag>
    
    <tag>
        <description><![CDATA[Menu is a navigation component for Barcelona Layout.]]></description>
		<tag-name>tab</tag-name>
		<component>
			<component-type>org.primefaces.component.BarcelonaTab</component-type>
		</component>
		<attribute>
			<description><![CDATA[Unique identifier of the component in a namingContainer.]]></description>
			<name>id</name>
			<required>false</required>
			<type>java.lang.String</type>
		</attribute>
		<attribute>
			<description><![CDATA[Boolean value to specify the rendering of the component, when set to false component will not be rendered.]]></description>
			<name>rendered</name>
			<required>false</required>
			<type>java.lang.Boolean</type>
		</attribute>
		<attribute>
			<description><![CDATA[An el expression referring to a server side UIComponent instance in a backing bean.]]></description>
			<name>binding</name>
			<required>false</required>
			<type>javax.faces.component.UIComponent</type>
		</attribute>
		<attribute>
			<description><![CDATA[Name of the client side widget.]]></description>
			<name>icon</name>
			<required>false</required>
			<type>java.lang.String</type>
		</attribute>
		<attribute>
			<description><![CDATA[A menu model instance to create menu programmatically.]]></description>
			<name>title</name>
			<required>false</required>
			<type>org.primefaces.model.menu.MenuModel</type>
		</attribute>
	</tag>
    
    <tag>
        <description><![CDATA[TabMenu is a navigation component for Barcelona Layout.]]></description>
		<tag-name>tabMenu</tag-name>
		<component>
			<component-type>org.primefaces.component.BarcelonaTabMenu</component-type>
			<renderer-type>org.primefaces.component.BarcelonaTabMenuRenderer</renderer-type>
		</component>
		<attribute>
			<description><![CDATA[Unique identifier of the component in a namingContainer.]]></description>
			<name>id</name>
			<required>false</required>
			<type>java.lang.String</type>
		</attribute>
		<attribute>
			<description><![CDATA[Boolean value to specify the rendering of the component, when set to false component will not be rendered.]]></description>
			<name>rendered</name>
			<required>false</required>
			<type>java.lang.Boolean</type>
		</attribute>
		<attribute>
			<description><![CDATA[An el expression referring to a server side UIComponent instance in a backing bean.]]></description>
			<name>binding</name>
			<required>false</required>
			<type>javax.faces.component.UIComponent</type>
		</attribute>
		<attribute>
			<description><![CDATA[Name of the client side widget.]]></description>
			<name>widgetVar</name>
			<required>false</required>
			<type>java.lang.String</type>
		</attribute>
		<attribute>
			<description><![CDATA[A menu model instance to create menu programmatically.]]></description>
			<name>activeIndex</name>
			<required>false</required>
			<type>java.lang.Integer</type>
		</attribute>
	</tag>
    
</facelet-taglib>