<assembly xmlns="http://maven.apache.org/plugins/maven-assembly-plugin/assembly/1.1.2"
          xmlns:xsi="http://www.w3.org/2001/XMLSchema-instance"
          xsi:schemaLocation="http://maven.apache.org/plugins/maven-assembly-plugin/assembly/1.1.2 http://maven.apache.org/xsd/assembly-1.1.2.xsd">
    
    <id>theme</id>
    <formats>
        <format>jar</format>
    </formats>
    
    <includeBaseDirectory>false</includeBaseDirectory>
    
    <fileSets>
        <fileSet>
            <directory>${basedir}/src/main/webapp/resources/primefaces-barcelona-blue</directory>
            <outputDirectory>/META-INF/resources/primefaces-barcelona-blue</outputDirectory>
        </fileSet>
        <fileSet>
            <directory>${basedir}/src/main/webapp/resources/primefaces-barcelona-cyan</directory>
            <outputDirectory>/META-INF/resources/primefaces-barcelona-cyan</outputDirectory>
        </fileSet>
        <fileSet>
            <directory>${basedir}/src/main/webapp/resources/primefaces-barcelona-green</directory>
            <outputDirectory>/META-INF/resources/primefaces-barcelona-green</outputDirectory>
        </fileSet>
        <fileSet>
            <directory>${basedir}/src/main/webapp/resources/primefaces-barcelona-orange</directory>
            <outputDirectory>/META-INF/resources/primefaces-barcelona-orange</outputDirectory>
        </fileSet>
        <fileSet>
            <directory>${basedir}/src/main/webapp/resources/primefaces-barcelona-pink</directory>
            <outputDirectory>/META-INF/resources/primefaces-barcelona-pink</outputDirectory>
        </fileSet>
        <fileSet>
            <directory>${basedir}/src/main/webapp/resources/primefaces-barcelona-purple</directory>
            <outputDirectory>/META-INF/resources/primefaces-barcelona-purple</outputDirectory>
        </fileSet>
        <fileSet>
            <directory>${basedir}/src/main/webapp/resources/primefaces-barcelona-steel</directory>
            <outputDirectory>/META-INF/resources/primefaces-barcelona-steel</outputDirectory>
        </fileSet>
        <fileSet>
            <directory>${basedir}/src/main/webapp/resources/primefaces-barcelona-turquoise</directory>
            <outputDirectory>/META-INF/resources/primefaces-barcelona-turquoise</outputDirectory>
        </fileSet>
        <fileSet>
            <directory>${basedir}/src/main/webapp/WEB-INF</directory>
            <outputDirectory>/META-INF/</outputDirectory>
            <includes>
                <include>faces-config.xml</include>
                <include>primefaces-barcelona.taglib.xml</include>
            </includes>
        </fileSet>
        <fileSet>
            <directory>${basedir}/target/classes</directory>
            <outputDirectory>/</outputDirectory>
            <includes>
                <include>org/primefaces/barcelona/component/*</include>
            </includes>
        </fileSet>
    </fileSets>
    
</assembly>